nam,ma_ck,ten_cong_ty,san,sl_tvhdqt,tv_hdqt_co_trinh_do_tcnh,tv_hdqt_khong_dh,tai_san_khong_sinh_loi,tv_bgd_tham_nien_5_nam,top_6,top_4,thoi_gian_ky_bao_cao,tong_tai_san,vcsh,nim,loi_nhuan_sau_thue,ty_le_no_xau,du_phong_rui_ro_tin_dung,du_no,tai_san_thanh_khoan,so_nam_hoat_dong,von_huy_dong,car
2007,ABBank,Ngân hàng TMCP An Bình,OTC,,,,1.10E+12,,0,0,,1.72E+13,2.48E+12,0.033930286,1.62E+11,1.52,-57849000000,6.88E+12,8.60E+12,14,6.78E+12,N/a
2008,ABBank,Ngân hàng TMCP An Bình,OTC,,,,1.90E+12,,0,0,85,1.35E+13,3.96E+12,0.01957237,49696000000,4.2,-81229000000,6.54E+12,5.10E+12,15,6.67E+12,N/a
2009,ABBank,Ngân hàng TMCP An Bình,OTC,,,,1.54E+12,,0,0,56,2.65E+13,4.49E+12,0.037701433,3.12E+11,1.47,-1.42E+11,1.29E+13,9.19E+12,16,1.50E+13,N/a
2010,ABBank,Ngân hàng TMCP An Bình,OTC,6,0,6,4.14E+12,0,0,0,56,3.80E+13,4.65E+12,0.041070274,4.96E+11,1.16,-2.11E+11,1.99E+13,9.28E+12,17,2.35E+13,14.89
2011,ABBank,Ngân hàng TMCP An Bình,OTC,5,1,5,5.66E+12,0,0,0,56,4.15E+13,4.72E+12,0.053677379,3.07E+11,2.79,-3.18E+11,1.99E+13,8.88E+12,18,2.02E+13,N/a
2012,ABBank,Ngân hàng TMCP An Bình,OTC,5,1,5,7.01E+12,0,0,0,86,4.60E+13,4.90E+12,0.045866153,3.99E+11,2.29,-4.14E+11,1.88E+13,9.95E+12,19,2.87E+13,N/a
2013,ABBank,Ngân hàng TMCP An Bình,OTC,6,2,6,4.91E+12,0,0,0,90,5.76E+13,5.74E+12,0.027426668,1.41E+11,4.8,-6.53E+11,2.36E+13,8.86E+12,20,3.72E+13,N/a
2014,ABBank,Ngân hàng TMCP An Bình,OTC,6,1,6,6.11E+12,3,0,0,90,6.75E+13,5.72E+12,0.026059939,1.17E+11,2.75,-4.74E+11,2.60E+13,1.44E+13,21,4.51E+13,14.9
2015,ABBank,Ngân hàng TMCP An Bình,OTC,6,1,6,4.39E+12,3,0,0,90,6.44E+13,5.79E+12,0.027150643,91279000000,1.72,-3.85E+11,3.09E+13,1.47E+13,22,4.75E+13,17.5
2016,ABBank,Ngân hàng TMCP An Bình,OTC,7,0,7,4.58E+12,3,0,0,89,7.42E+13,5.84E+12,0.028182898,2.44E+11,1.95,-5.87E+11,3.98E+13,1.70E+13,23,5.15E+13,15.1
2017,ABBank,Ngân hàng TMCP An Bình,OTC,7,0,6,3.40E+12,3,0,0,108,8.45E+13,6.12E+12,0.028957026,4.89E+11,2.03,-7.60E+11,4.79E+13,2.16E+13,24,5.79E+13,13.4
2018,ABBank,Ngân hàng TMCP An Bình,OTC,7,1,7,4.41E+12,1,1,1,88,9.00E+13,6.87E+12,0.024459282,7.15E+11,1.65,-6.47E+11,5.22E+13,2.73E+13,25,6.23E+13,12.8
2007,ACB,Ngân hàng TMCP Á Châu,HNX,10,0,10,1.01E+13,5,0,0,60,8.54E+13,6.26E+12,0.022909181,1.76E+12,0.08,-1.35E+11,3.18E+13,3.65E+13,14,5.53E+13,16.19
2008,ACB,Ngân hàng TMCP Á Châu,HNX,11,0,7,1.75E+13,5,0,0,,1.05E+14,7.77E+12,0.033465335,2.21E+12,0.9,-2.29E+11,3.48E+13,2.94E+13,15,6.42E+13,12.44
2009,ACB,Ngân hàng TMCP Á Châu,HNX,11,0,7,3.48E+13,7,0,0,43,1.68E+14,1.01E+13,0.025358239,2.20E+12,0.4,-5.02E+11,6.24E+13,3.95E+13,16,8.69E+13,9.73
2010,ACB,Ngân hàng TMCP Á Châu,HNX,11,0,8,3.27E+13,7,0,0,81,2.05E+14,1.14E+13,0.027260947,2.33E+12,0.34,-7.17E+11,8.72E+13,4.02E+13,17,1.07E+14,10.6
2011,ACB,Ngân hàng TMCP Á Châu,HNX,11,0,8,6.57E+13,7,0,0,65,2.81E+14,1.20E+13,0.034087074,3.21E+12,0.85,-9.86E+11,1.03E+14,8.77E+13,18,1.42E+14,9.25
2012,ACB,Ngân hàng TMCP Á Châu,HNX,11,1,9,2.13E+13,6,0,0,105,1.76E+14,1.26E+13,0.037110338,7.84E+11,2.46,-1.50E+12,1.03E+14,3.17E+13,19,1.25E+14,13.5
2013,ACB,Ngân hàng TMCP Á Châu,HNX,10,1,9,1.50E+13,5,1,1,66,1.67E+14,1.25E+13,0.028612897,8.26E+11,3,-1.55E+12,1.07E+14,1.70E+13,20,1.38E+14,14.07
2014,ACB,Ngân hàng TMCP Á Châu,HNX,10,1,9,1.46E+13,5,1,1,65,1.80E+14,1.24E+13,0.030103765,9.52E+11,2.17,-1.58E+12,1.16E+14,3.20E+13,21,1.55E+14,14.08
2015,ACB,Ngân hàng TMCP Á Châu,HNX,10,1,9,1.17E+13,7,1,1,60,2.01E+14,1.28E+13,0.033170934,1.03E+12,1.3,-1.54E+12,1.34E+14,2.26E+13,22,1.75E+14,12.8
2016,ACB,Ngân hàng TMCP Á Châu,HNX,9,1,8,1.10E+13,7,1,1,59,2.34E+14,1.41E+13,0.033426825,1.33E+12,0.88,-1.80E+12,1.63E+14,2.37E+13,23,2.07E+14,13.19
2017,ACB,Ngân hàng TMCP Á Châu,HNX,8,1,7,1.52E+13,7,1,1,60,2.84E+14,1.60E+13,0.034401137,2.12E+12,0.71,-1.84E+12,1.99E+14,2.35E+13,24,2.41E+14,11.49
2018,ACB,Ngân hàng TMCP Á Châu,HNX,8,1,7,1.54E+13,6,1,1,59,3.29E+14,2.10E+13,0.035547886,5.14E+12,0.73,-2.54E+12,2.31E+14,3.32E+13,25,2.70E+14,12.81
2007,BAB,Ngân hàng TMCP Bắc Á,UPCoM,,,,,,0,0,,,,,,-,,,,13,,-
2008,BAB,Ngân hàng TMCP Bắc Á,UPCoM,,,,,,0,0,,,,,,-,,,,14,,-
2009,BAB,Ngân hàng TMCP Bắc Á,UPCoM,,,,,,0,0,,,,,,-,,,,15,,-
2010,BAB,Ngân hàng TMCP Bắc Á,UPCoM,,,,,,0,0,,,,,,-,,,,16,,-
2011,BAB,Ngân hàng TMCP Bắc Á,UPCoM,,,,4.90E+12,,0,0,,2.57E+13,3.24E+12,,1.52E+11,0.64,-1.46E+11,1.69E+13,4.07E+12,17,9.34E+12,16.04
2012,BAB,Ngân hàng TMCP Bắc Á,UPCoM,6,0,4,5.89E+12,0,0,0,88,3.37E+13,3.15E+12,0.028184036,34581115303,5.66,-2.67E+11,2.23E+13,3.92E+12,18,2.90E+13,12.46
2013,BAB,Ngân hàng TMCP Bắc Á,UPCoM,5,0,3,5.87E+12,0,0,0,87,5.03E+13,3.31E+12,0.034022016,1.92E+11,2.32,-2.68E+11,2.95E+13,1.41E+13,19,4.24E+13,10
2014,BAB,Ngân hàng TMCP Bắc Á,UPCoM,5,0,3,4.69E+12,0,0,0,90,5.72E+13,4.12E+12,0.022554523,2.74E+11,2.15,-3.53E+11,3.64E+13,1.48E+13,20,4.63E+13,Đạt và vượt chỉ tiêu NHNN
2015,BAB,Ngân hàng TMCP Bắc Á,UPCoM,5,0,3,4.44E+12,0,0,0,88,6.35E+13,5.01E+12,0.019436437,3.80E+11,0.65,-4.82E+11,4.18E+13,1.53E+13,21,5.29E+13,10.91
2016,BAB,Ngân hàng TMCP Bắc Á,UPCoM,5,0,3,3.69E+12,5,0,0,87,7.59E+13,5.81E+12,0.020323548,5.01E+11,0.81,-4.44E+11,4.81E+13,1.75E+13,22,5.92E+13,12.8
2017,BAB,Ngân hàng TMCP Bắc Á,UPCoM,5,0,3,4.28E+12,5,0,0,86,9.18E+13,6.37E+12,0.020755767,6.02E+11,0.63,-6.13E+11,5.55E+13,2.99E+13,23,6.34E+13,11.14
2018,BAB,Ngân hàng TMCP Bắc Á,UPCoM,5,0,3,5.73E+12,6,1,0,84,9.70E+13,7.08E+12,0.019000122,6.77E+11,0.76,-5.94E+11,6.40E+13,2.86E+13,24,7.25E+13,11.15
2007,BaoVietBank,Ngân hàng TMCP Bảo Việt,OTC,,,,,,0,0,,,,,,0,,,,,,-
2008,BaoVietBank,Ngân hàng TMCP Bảo Việt,OTC,,,,,,0,0,,,,,,N/a,,,,0,,-
2009,BaoVietBank,Ngân hàng TMCP Bảo Việt,OTC,,,,2.23E+11,,0,0,74,7.27E+12,1.56E+12,,63108012502,N/a,-5418787589,2.26E+12,4.23E+12,1,3.51E+12,35.2
2010,BaoVietBank,Ngân hàng TMCP Bảo Việt,OTC,,,,1.22E+12,,0,0,59,1.37E+13,1.65E+12,0.029475271,1.33E+11,0.0083,-33423166130,5.62E+12,7.03E+12,2,7.29E+12,21
2011,BaoVietBank,Ngân hàng TMCP Bảo Việt,OTC,6,0,5,9.38E+11,0,0,0,75,1.32E+13,1.67E+12,0.029631987,1.16E+11,4.53,-79495262607,6.71E+12,5.92E+12,3,7.03E+12,22
2012,BaoVietBank,Ngân hàng TMCP Bảo Việt,OTC,5,1,4,4.40E+11,0,0,0,75,1.33E+13,3.15E+12,0.031561925,91108776470,N/a,-1.37E+11,6.75E+12,5.76E+12,4,6.27E+12,42
2013,BaoVietBank,Ngân hàng TMCP Bảo Việt,OTC,,,,1.98E+12,,0,0,86,1.68E+13,3.18E+12,0.034802113,1.06E+11,3.91,-99413481618,7.96E+12,8.28E+12,5,8.60E+12,N/a
2014,BaoVietBank,Ngân hàng TMCP Bảo Việt,OTC,7,0,5,2.65E+12,0,0,0,84,2.42E+13,3.34E+12,0.020980252,1.04E+11,1.5,-80548385761,9.79E+12,1.25E+13,6,1.24E+13,N/a
2015,BaoVietBank,Ngân hàng TMCP Bảo Việt,OTC,,,,1.60E+12,,0,0,75,3.07E+13,3.36E+12,0.018721163,86509035328,1.39,-1.13E+11,1.29E+13,1.49E+13,7,1.51E+13,N/a
2016,BaoVietBank,Ngân hàng TMCP Bảo Việt,OTC,7,1,5,3.03E+12,0,0,0,90,3.43E+13,3.29E+12,0.020366547,93307343113,1.3,-1.48E+11,1.52E+13,1.49E+13,8,2.07E+13,N/a
2017,BaoVietBank,Ngân hàng TMCP Bảo Việt,OTC,,,,5.14E+12,,0,0,33,4.89E+13,3.50E+12,0.023498525,1.45E+11,2.76,-3.25E+11,2.17E+13,2.30E+13,9,2.41E+13,N/a
2018,BaoVietBank,Ngân hàng TMCP Bảo Việt,OTC,8,0,7,6.70E+12,1,0,0,66,5.59E+13,3.48E+12,0.01360373,80073909458,<3,-3.08E+11,2.57E+13,2.64E+13,10,2.70E+13,>=9
2007,BID,Ngân hàng TMCP Đầu tư và Phát triển Việt Nam,HoSE,6,0,4,9.97E+12,7,0,0,60,2.05E+14,1.16E+13,0.029114908,1.53E+12,3.98,-2.90E+12,1.32E+14,3.70E+13,50,1.35E+14,IFRS : 6.7
2008,BID,Ngân hàng TMCP Đầu tư và Phát triển Việt Nam,HoSE,7,0,6,1.14E+13,5,0,0,100,2.46E+14,1.35E+13,0.029065627,1.98E+12,2.75,-4.11E+12,1.61E+14,4.73E+13,51,1.63E+14,8.94
2009,BID,Ngân hàng TMCP Đầu tư và Phát triển Việt Nam,HoSE,7,0,6,1.23E+13,5,0,0,74,2.96E+14,1.76E+13,0.026863741,2.82E+12,2.82,-5.40E+12,2.06E+14,4.72E+13,52,1.87E+14,7.55
2010,BID,Ngân hàng TMCP Đầu tư và Phát triển Việt Nam,HoSE,7,0,6,1.47E+13,4,0,0,84,3.66E+14,2.42E+13,0.028917652,3.76E+12,3,-5.29E+12,2.54E+14,5.20E+13,53,2.45E+14,9.32
2011,BID,Ngân hàng TMCP Đầu tư và Phát triển Việt Nam,HoSE,10,1,9,1.45E+13,3,0,0,59,4.06E+14,2.44E+13,0.03403182,3.21E+12,2.96,-5.86E+12,2.94E+14,4.84E+13,54,2.41E+14,11.07
2012,BID,Ngân hàng TMCP Đầu tư và Phát triển Việt Nam,HoSE,10,1,9,2.45E+13,4,0,0,79,4.85E+14,2.65E+13,0.021626199,2.57E+12,2.92,-5.91E+12,3.40E+14,9.55E+13,55,3.03E+14,9.65
2013,BID,Ngân hàng TMCP Đầu tư và Phát triển Việt Nam,HoSE,10,0,8,2.83E+13,3,1,1,79,5.48E+14,3.20E+13,0.028457127,4.03E+12,2.37,-6.15E+12,3.91E+14,1.05E+14,56,3.39E+14,10.02
2014,BID,Ngân hàng TMCP Đầu tư và Phát triển Việt Nam,HoSE,9,0,7,3.79E+13,5,1,1,85,6.50E+14,3.33E+13,0.029746247,4.95E+12,2.03,-6.62E+12,4.46E+14,1.42E+14,57,4.40E+14,9.07
2015,BID,Ngân hàng TMCP Đầu tư và Phát triển Việt Nam,HoSE,15,1,14,3.90E+13,5,1,1,90,8.51E+14,4.23E+13,0.027125547,6.30E+12,1.68,-7.52E+12,5.98E+14,1.66E+14,58,5.65E+14,9
2016,BID,Ngân hàng TMCP Đầu tư và Phát triển Việt Nam,HoSE,10,1,9,3.36E+13,4,1,1,83,1.01E+15,4.41E+13,0.02621869,6.10E+12,1.95,-1.01E+13,7.24E+14,2.00E+14,59,7.26E+14,>9
2017,BID,Ngân hàng TMCP Đầu tư và Phát triển Việt Nam,HoSE,10,1,9,3.11E+13,7,1,1,89,1.20E+15,4.88E+13,0.028876021,6.79E+12,1.62,-1.13E+13,8.67E+14,2.34E+14,60,8.60E+14,10.9
2018,BID,Ngân hàng TMCP Đầu tư và Phát triển Việt Nam,HoSE,8,1,8,2.86E+13,4,1,1,95,1.31E+15,5.46E+13,0.028470141,7.36E+12,1.9,-1.24E+13,9.89E+14,2.44E+14,61,9.90E+14,10.34
2007,CTG,Ngân hàng TMCP Công Thương Việt Nam,HoSE,,,,5.18E+12,,0,0,105,1.66E+14,1.06E+13,0.032269875,1.15E+12,1.02,-1.71E+12,1.02E+14,4.64E+13,19,1.13E+14,11.62
2008,CTG,Ngân hàng TMCP Công Thương Việt Nam,HoSE,6,2,5,7.59E+12,0,0,0,140,1.94E+14,1.23E+13,0.041446191,1.80E+12,1.81,-2.15E+12,1.21E+14,4.99E+13,20,1.22E+14,12.02
2009,CTG,Ngân hàng TMCP Công Thương Việt Nam,HoSE,7,2,6,1.22E+13,0,0,0,76,2.44E+14,1.26E+13,0.02131803,1.27E+12,0.61,-1.55E+12,1.63E+14,6.20E+13,21,1.49E+14,8.06
2010,CTG,Ngân hàng TMCP Công Thương Việt Nam,HoSE,7,1,6,1.56E+13,0,0,0,69,3.68E+14,1.82E+13,0.041427087,3.41E+12,0.66,-2.77E+12,2.34E+14,1.08E+14,22,2.06E+14,8.02
2011,CTG,Ngân hàng TMCP Công Thương Việt Nam,HoSE,8,2,7,2.19E+13,0,0,0,53,4.61E+14,2.85E+13,0.050703113,6.24E+12,0.75,-3.04E+12,2.93E+14,1.40E+14,23,2.57E+14,10.57
2012,CTG,Ngân hàng TMCP Công Thương Việt Nam,HoSE,9,2,7,2.65E+13,3,0,0,80,5.04E+14,3.36E+13,0.040229485,6.15E+12,1.35,-3.67E+12,3.33E+14,1.05E+14,24,2.89E+14,10.33
2013,CTG,Ngân hàng TMCP Công Thương Việt Nam,HoSE,11,3,8,3.35E+13,3,1,1,79,5.76E+14,5.41E+13,0.035842774,5.79E+12,0.82,-3.30E+12,3.76E+14,1.51E+14,25,3.64E+14,13.17
2014,CTG,Ngân hàng TMCP Công Thương Việt Nam,HoSE,10,2,7,4.20E+13,2,1,1,84,6.61E+14,5.50E+13,0.030741839,5.71E+12,0.9,-4.37E+12,4.40E+14,1.68E+14,26,4.24E+14,10.4
2015,CTG,Ngân hàng TMCP Công Thương Việt Nam,HoSE,9,2,6,4.16E+13,4,1,1,81,7.79E+14,5.61E+13,0.027763848,5.70E+12,0.73,-4.55E+12,5.38E+14,1.89E+14,27,4.93E+14,10.58
2016,CTG,Ngân hàng TMCP Công Thương Việt Nam,HoSE,9,2,6,4.13E+13,5,1,1,89,9.49E+14,6.03E+13,0.027114918,6.75E+12,0.93,-6.90E+12,6.62E+14,2.32E+14,28,6.55E+14,10.4
2017,CTG,Ngân hàng TMCP Công Thương Việt Nam,HoSE,8,2,6,4.52E+13,3,1,1,87,1.10E+15,6.38E+13,0.027666083,7.43E+12,1.13,-8.30E+12,7.91E+14,2.52E+14,29,7.53E+14,>9
2018,CTG,Ngân hàng TMCP Công Thương Việt Nam,HoSE,7,1,5,4.10E+13,4,1,1,88,1.16E+15,6.75E+13,0.020722843,5.41E+12,1.6,-1.30E+13,8.65E+14,2.41E+14,30,8.26E+14,>9
2007,EIB,Ngân hàng TMCP Xuất nhập khẩu Việt Nam,HoSE,10,0,10,3.60E+12,0,0,0,72,3.37E+13,6.29E+12,0.030556471,4.63E+11,0.88,-73541000000,1.85E+13,1.13E+13,18,2.29E+13,27
2008,EIB,Ngân hàng TMCP Xuất nhập khẩu Việt Nam,HoSE,11,0,11,6.45E+12,0,0,0,90,4.82E+13,1.28E+13,0.036707865,7.11E+11,4.7,-3.76E+11,2.12E+13,1.42E+13,19,3.09E+13,45.89
2009,EIB,Ngân hàng TMCP Xuất nhập khẩu Việt Nam,HoSE,11,0,11,9.48E+12,5,0,0,88,6.54E+13,1.34E+13,0.040407887,1.13E+12,1.83,-3.79E+11,3.84E+13,9.53E+12,20,3.88E+13,26.87
2010,EIB,Ngân hàng TMCP Xuất nhập khẩu Việt Nam,HoSE,9,0,8,1.44E+13,3,0,0,59,1.31E+14,1.35E+13,0.033391361,1.81E+12,1.42,-6.28E+11,6.23E+13,3.37E+13,21,5.82E+13,17.79
2011,EIB,Ngân hàng TMCP Xuất nhập khẩu Việt Nam,HoSE,10,0,9,1.58E+13,5,0,0,90,1.84E+14,1.63E+13,0.037291777,3.04E+12,1.61,-6.19E+11,7.47E+13,6.67E+13,22,5.37E+13,12.94
2012,EIB,Ngân hàng TMCP Xuất nhập khẩu Việt Nam,HoSE,8,0,7,2.37E+13,7,0,0,80,1.70E+14,1.58E+13,0.031200224,2.14E+12,1.32,-6.06E+11,7.49E+13,3.96E+13,23,7.05E+13,16.38
2013,EIB,Ngân hàng TMCP Xuất nhập khẩu Việt Nam,HoSE,7,0,7,1.17E+13,6,1,1,87,1.70E+14,1.47E+13,0.017966747,6.59E+11,1.98,-7.11E+11,8.34E+13,3.36E+13,24,7.95E+13,14.47
2014,EIB,Ngân hàng TMCP Xuất nhập khẩu Việt Nam,HoSE,9,0,8,1.11E+13,7,1,1,84,1.61E+14,1.41E+13,0.017592115,56084000000,2.46,-1.02E+12,8.71E+13,4.01E+13,25,1.01E+14,13.62
2015,EIB,Ngân hàng TMCP Xuất nhập khẩu Việt Nam,HoSE,9,0,9,9.31E+12,5,1,1,91,1.25E+14,1.31E+13,0.025593065,39994000000,1.86,-8.70E+11,8.48E+13,1.45E+13,26,9.84E+13,16.52
2016,EIB,Ngân hàng TMCP Xuất nhập khẩu Việt Nam,HoSE,8,0,7,8.14E+12,6,1,1,87,1.29E+14,1.34E+13,0.026097569,3.09E+11,2.95,-1.07E+12,8.69E+13,2.15E+13,27,1.02E+14,17.12
2017,EIB,Ngân hàng TMCP Xuất nhập khẩu Việt Nam,HoSE,9,0,7,8.00E+12,7,1,1,85,1.49E+14,1.43E+13,0.020362802,8.23E+11,2.27,-1.06E+12,1.01E+14,2.80E+13,28,1.18E+14,15.98
2018,EIB,Ngân hàng TMCP Xuất nhập khẩu Việt Nam,HoSE,10,0,8,5.97E+12,5,1,1,88,1.53E+14,1.49E+13,0.022266177,6.61E+11,1.85,-1.07E+12,1.04E+14,3.56E+13,29,1.19E+14,15.05
2007,HDB,Ngân hàng TMCP Phát triển TPHCM,HoSE,7,2,7,1.36E+12,0,0,0,65,1.38E+13,7.41E+11,0.026283138,1.21E+11,0.31,-35333000000,8.91E+12,2.13E+12,17,3.54E+12,N/a
2008,HDB,Ngân hàng TMCP Phát triển TPHCM,HoSE,6,2,5,7.87E+11,0,0,0,71,9.56E+12,1.67E+12,0.010754235,59944000000,1.93,-40062000000,6.18E+12,2.35E+12,18,4.34E+12,N/a
2009,HDB,Ngân hàng TMCP Phát triển TPHCM,HoSE,6,2,5,2.18E+12,0,0,0,30,1.91E+13,1.80E+12,0.018250771,1.94E+11,1.1,-63666000000,8.23E+12,7.30E+12,19,9.46E+12,15.67
2010,HDB,Ngân hàng TMCP Phát triển TPHCM,HoSE,8,3,7,5.83E+12,0,0,0,,3.44E+13,2.36E+12,0.022959306,2.69E+11,0.83,-84836827140,1.17E+13,1.51E+13,20,1.40E+13,12.71
2011,HDB,Ngân hàng TMCP Phát triển TPHCM,HoSE,8,3,7,9.79E+12,2,0,0,58,4.50E+13,3.55E+12,0.041034912,4.26E+11,2.11,-1.41E+11,1.38E+13,1.95E+13,21,1.91E+13,15
2012,HDB,Ngân hàng TMCP Phát triển TPHCM,HoSE,6,1,5,1.17E+13,2,0,0,84,5.28E+13,5.39E+12,0.022277125,3.26E+11,2.35,-1.95E+11,2.11E+13,1.57E+13,22,3.43E+13,14.01
2013,HDB,Ngân hàng TMCP Phát triển TPHCM,HoSE,,,,1.56E+13,,1,1,101,8.62E+13,8.60E+12,0.005538709,2.18E+11,3.53,-6.98E+11,4.40E+13,2.03E+13,23,6.24E+13,12.2
2014,HDB,Ngân hàng TMCP Phát triển TPHCM,HoSE,,,,1.36E+13,,1,1,90,9.95E+13,8.87E+12,0.020815925,4.77E+11,2.27,-4.84E+11,4.20E+13,3.46E+13,24,6.54E+13,10.7
2015,HDB,Ngân hàng TMCP Phát triển TPHCM,HoSE,9,2,8,1.34E+13,4,1,1,120,1.06E+14,9.84E+12,0.036250584,5.13E+11,1.32,-7.06E+11,5.66E+13,2.72E+13,25,7.45E+13,13.4
2016,HDB,Ngân hàng TMCP Phát triển TPHCM,HoSE,8,1,7,1.18E+13,6,1,1,90,1.50E+14,9.94E+12,0.040398291,7.38E+11,1.6,-9.20E+11,8.22E+13,4.30E+13,26,1.03E+14,12.53
2017,HDB,Ngân hàng TMCP Phát triển TPHCM,HoSE,9,3,7,1.40E+13,5,1,1,89,1.89E+14,1.48E+13,0.040455111,1.75E+12,1.5,-1.16E+12,1.04E+14,6.37E+13,27,1.21E+14,13.5
2018,HDB,Ngân hàng TMCP Phát triển TPHCM,HoSE,9,3,7,1.15E+13,8,1,1,88,2.16E+14,1.68E+13,0.040251162,2.84E+12,1.5,-1.34E+12,1.23E+14,6.44E+13,28,1.28E+14,12.1
2007,KLB,Ngân hàng TMCP Kiên Long,UPCoM,,,,1.66E+11,,0,0,14,2.20E+12,6.38E+11,0.076295504,53858380921,-,-7336746965,1.35E+12,6.33E+11,12,9.52E+11,40.72
2008,KLB,Ngân hàng TMCP Kiên Long,UPCoM,,,,2.67E+11,,0,0,98,2.94E+12,1.05E+12,0.053561633,37253255899,1.66,-11600593988,2.20E+12,4.76E+11,13,0,48.14
2009,KLB,Ngân hàng TMCP Kiên Long,UPCoM,2,0,1,5.44E+11,0,0,0,,7.48E+12,1.12E+12,0.051071222,91604709407,1.17,-29001146680,4.87E+12,1.67E+12,14,4.79E+12,19.74
2010,KLB,Ngân hàng TMCP Kiên Long,UPCoM,8,0,6,1.51E+12,0,0,0,90,1.26E+13,3.22E+12,0.055257156,1.95E+11,1.11,-61729423917,7.01E+12,3.76E+12,15,6.60E+12,36.16
2011,KLB,Ngân hàng TMCP Kiên Long,UPCoM,11,1,9,1.41E+12,0,0,0,82,1.78E+13,3.46E+12,0.063661963,3.95E+11,2.77,-94794459680,8.40E+12,7.66E+12,16,8.14E+12,32.31
2012,KLB,Ngân hàng TMCP Kiên Long,UPCoM,7,2,7,1.52E+12,0,0,0,90,1.86E+13,3.44E+12,0.064352563,3.51E+11,2.93,-1.42E+11,9.68E+12,5.88E+12,17,1.06E+13,33.42
2013,KLB,Ngân hàng TMCP Kiên Long,UPCoM,6,0,6,1.92E+12,3,0,0,69,2.14E+13,3.48E+12,0.056656626,3.13E+11,2.47,-1.25E+11,1.21E+13,4.62E+12,18,1.33E+13,20.74
2014,KLB,Ngân hàng TMCP Kiên Long,UPCoM,6,0,5,2.45E+12,3,0,0,86,2.31E+13,3.36E+12,0.03957853,1.76E+11,1.95,-1.37E+11,1.35E+13,6.03E+12,19,1.66E+13,18.38
2015,KLB,Ngân hàng TMCP Kiên Long,UPCoM,6,0,5,3.05E+12,3,0,0,91,2.53E+13,3.37E+12,0.038322906,1.65E+11,1.13,-1.38E+11,1.62E+13,5.54E+12,20,2.01E+13,19.77
2016,KLB,Ngân hàng TMCP Kiên Long,UPCoM,6,0,5,3.64E+12,3,0,0,90,3.05E+13,3.36E+12,0.032026732,1.21E+11,1.06,-1.70E+11,1.98E+13,6.33E+12,21,2.29E+13,16.35
2017,KLB,Ngân hàng TMCP Kiên Long,UPCoM,6,0,5,3.91E+12,3,0,0,91,3.73E+13,3.55E+12,0.034593076,2.02E+11,0.84,-2.20E+11,2.47E+13,8.09E+12,22,2.61E+13,15.78
2018,KLB,Ngân hàng TMCP Kiên Long,UPCoM,6,0,5,4.03E+12,4,1,1,88,4.23E+13,3.75E+12,0.027196695,2.32E+11,0.94,-2.55E+11,2.95E+13,7.25E+12,23,2.92E+13,16.62
2007,LPB,Ngân hàng TMCP Bưu điện Liên Việt,UPCoM,,,,,,0,0,,,,,,-,,,,,,-
2008,LPB,Ngân hàng TMCP Bưu điện Liên Việt,UPCoM,,,,8.42E+11,,0,0,,7.45E+12,3.45E+12,,4.44E+11,N/a,-5020000000,2.41E+12,3.85E+12,0,2.85E+12,-
2009,LPB,Ngân hàng TMCP Bưu điện Liên Việt,UPCoM,8,0,7,2.03E+12,0,0,0,97,1.74E+13,3.83E+12,0.059817812,5.40E+11,0.28,-28819000000,5.42E+12,9.31E+12,1,7.30E+12,0
2010,LPB,Ngân hàng TMCP Bưu điện Liên Việt,UPCoM,8,0,8,3.23E+12,0,0,0,111,3.50E+13,4.11E+12,0.051998992,6.83E+11,0.42,-78288000000,9.83E+12,2.16E+13,2,1.23E+13,N/a
2011,LPB,Ngân hàng TMCP Bưu điện Liên Việt,UPCoM,7,0,7,5.33E+12,0,0,0,86,5.61E+13,6.59E+12,0.049849212,9.77E+11,2.14,-1.17E+11,1.28E+13,3.80E+13,3,2.57E+13,N/a
2012,LPB,Ngân hàng TMCP Bưu điện Liên Việt,UPCoM,8,0,8,9.29E+12,0,0,0,87,6.64E+13,7.39E+12,0.045469107,8.68E+11,2.71,-4.03E+11,2.30E+13,2.78E+13,4,4.13E+13,N/a
2013,LPB,Ngân hàng TMCP Bưu điện Liên Việt,UPCoM,0,0,0,9.52E+12,4,0,0,84,7.96E+13,7.27E+12,0.035705044,5.66E+11,2.48,-5.94E+11,2.95E+13,3.89E+13,5,5.56E+13,N/a
2014,LPB,Ngân hàng TMCP Bưu điện Liên Việt,UPCoM,8,0,8,1.18E+13,5,0,0,75,1.01E+14,7.39E+12,0.028807597,4.66E+11,1.1,-4.73E+11,4.13E+13,4.24E+13,6,7.78E+13,N/a
2015,LPB,Ngân hàng TMCP Bưu điện Liên Việt,UPCoM,9,0,8,1.16E+13,8,0,0,85,1.08E+14,7.60E+12,0.031296835,3.50E+11,0.88,-6.95E+11,5.62E+13,3.64E+13,7,7.76E+13,12.29
2016,LPB,Ngân hàng TMCP Bưu điện Liên Việt,UPCoM,10,1,9,6.64E+12,8,0,0,84,1.42E+14,8.33E+12,0.03480617,1.06E+12,1.08,-9.70E+11,7.97E+13,5.28E+13,8,1.11E+14,13.23
2017,LPB,Ngân hàng TMCP Bưu điện Liên Việt,UPCoM,8,1,7,6.87E+12,9,0,0,85,1.63E+14,9.38E+12,0.035825414,1.37E+12,1.04,-1.23E+12,1.01E+14,5.28E+13,9,1.28E+14,10.28
2018,LPB,Ngân hàng TMCP Bưu điện Liên Việt,UPCoM,8,1,6,8.18E+12,14,1,1,87,1.75E+14,1.02E+13,0.031010885,9.60E+11,1.39,-1.48E+12,1.19E+14,4.56E+13,10,1.25E+14,10.85
2007,MBB,Ngân hàng TMCP Quân Đội,HoSE,6,1,5,2.13E+12,0,0,0,106,2.96E+13,3.48E+12,0.031641643,4.92E+11,1.01,-1.44E+11,1.16E+13,1.49E+13,13,1.78E+13,14.21
2008,MBB,Ngân hàng TMCP Quân Đội,HoSE,6,1,5,3.48E+12,4,0,0,90,4.43E+13,4.42E+12,0.041567857,7.03E+11,1.92,-2.47E+11,1.57E+13,2.28E+13,14,2.72E+13,12.35
2009,MBB,Ngân hàng TMCP Quân Đội,HoSE,7,1,6,4.02E+12,5,0,0,57,6.90E+13,6.89E+12,0.03473084,1.09E+12,1.73,-4.47E+11,2.96E+13,3.24E+13,15,4.00E+13,12
2010,MBB,Ngân hàng TMCP Quân Đội,HoSE,7,1,7,1.07E+13,4,0,0,67,1.10E+14,8.88E+12,0.042947233,1.71E+12,1.35,-7.38E+11,4.88E+13,4.18E+13,16,6.57E+13,12.9
2011,MBB,Ngân hàng TMCP Quân Đội,HoSE,7,0,7,1.22E+13,5,0,0,69,1.39E+14,9.64E+12,0.046316426,2.13E+12,1.61,-1.09E+12,5.90E+13,6.38E+13,17,8.95E+13,9.59
2012,MBB,Ngân hàng TMCP Quân Đội,HoSE,7,0,7,9.74E+12,5,0,0,65,1.76E+14,1.29E+13,0.04514881,2.31E+12,1.86,-1.31E+12,7.45E+13,6.30E+13,18,1.18E+14,11.15
2013,MBB,Ngân hàng TMCP Quân Đội,HoSE,9,1,9,1.59E+13,6,1,1,80,1.80E+14,1.51E+13,0.037073245,2.28E+12,2.46,-1.77E+12,8.77E+13,5.60E+13,19,1.36E+14,11
2014,MBB,Ngân hàng TMCP Quân Đội,HoSE,11,1,10,2.09E+13,4,1,1,82,2.00E+14,1.66E+13,0.038009836,2.48E+12,2.73,-2.46E+12,1.01E+14,7.24E+13,20,1.68E+14,10.07
2015,MBB,Ngân hàng TMCP Quân Đội,HoSE,10,1,9,1.50E+13,6,1,1,89,2.21E+14,2.32E+13,0.037955165,2.50E+12,1.62,-1.98E+12,1.21E+14,6.91E+13,21,1.82E+14,11.7
2016,MBB,Ngân hàng TMCP Quân Đội,HoSE,11,1,10,1.35E+13,6,1,1,83,2.56E+14,2.66E+13,0.035553804,2.86E+12,1.32,-2.05E+12,1.51E+14,7.02E+13,22,1.95E+14,12.5
2017,MBB,Ngân hàng TMCP Quân Đội,HoSE,11,1,10,1.83E+13,7,1,1,59,3.14E+14,2.96E+13,0.041675291,3.46E+12,1.2,-2.13E+12,1.84E+14,9.14E+13,23,2.20E+14,12
2018,MBB,Ngân hàng TMCP Quân Đội,HoSE,10,1,9,1.78E+13,7,1,1,51,3.62E+14,3.42E+13,0.04556749,6.11E+12,1.33,-3.21E+12,2.15E+14,1.17E+14,24,2.40E+14,10.9
2007,MSB,Ngân hàng TMCP Hàng hải Việt Nam,OTC,,,,3.84E+11,,0,0,67,1.76E+13,1.88E+12,0.027770604,1.73E+11,2.08,-34479000000,6.53E+12,1.07E+13,16,7.37E+12,N/a
2008,MSB,Ngân hàng TMCP Hàng hải Việt Nam,OTC,7,2,6,1.23E+12,0,0,0,46,3.26E+13,1.87E+12,0.029901432,3.17E+11,1.49,-85618000000,1.12E+13,2.00E+13,17,1.41E+13,N/a
2009,MSB,Ngân hàng TMCP Hàng hải Việt Nam,OTC,7,2,6,2.88E+12,0,0,0,290,6.39E+13,3.55E+12,0.027672178,7.73E+11,0.62,-1.73E+11,2.39E+13,3.31E+13,18,3.01E+13,N/a
2010,MSB,Ngân hàng TMCP Hàng hải Việt Nam,OTC,8,4,7,2.41E+13,0,0,0,71,1.15E+14,6.33E+12,0.025217699,1.16E+12,1.87,-3.08E+11,3.18E+13,5.94E+13,19,4.86E+13,9.19
2011,MSB,Ngân hàng TMCP Hàng hải Việt Nam,OTC,5,3,5,1.28E+13,0,0,0,264,1.14E+14,9.50E+12,0.016150499,7.97E+11,2.27,-3.65E+11,3.78E+13,6.37E+13,20,6.23E+13,10.58
2012,MSB,Ngân hàng TMCP Hàng hải Việt Nam,OTC,5,3,5,1.71E+13,0,0,0,79,1.10E+14,9.09E+12,0.02066974,2.26E+11,2.65,-7.51E+11,2.89E+13,5.29E+13,21,5.96E+13,11.31
2013,MSB,Ngân hàng TMCP Hàng hải Việt Nam,OTC,,,,2.08E+13,,0,0,87,1.07E+14,9.41E+12,0.018021906,3.30E+11,2.71,-7.33E+11,2.74E+13,3.90E+13,22,6.55E+13,10.56
2014,MSB,Ngân hàng TMCP Hàng hải Việt Nam,OTC,,,,2.04E+13,,0,0,89,1.04E+14,9.45E+12,0.013784123,1.43E+11,2.61,-5.43E+11,2.35E+13,4.44E+13,23,6.32E+13,15.7
2015,MSB,Ngân hàng TMCP Hàng hải Việt Nam,OTC,5,2,5,1.31E+13,0,0,0,90,1.04E+14,1.36E+13,0.018114202,1.16E+11,2.16,-6.01E+11,2.81E+13,4.50E+13,24,6.26E+13,24.53
2016,MSB,Ngân hàng TMCP Hàng hải Việt Nam,OTC,4,2,4,1.48E+13,2,0,0,125,9.26E+13,1.36E+13,0.026656126,1.40E+11,2.17,-4.52E+11,3.51E+13,3.03E+13,25,5.76E+13,23.59
2017,MSB,Ngân hàng TMCP Hàng hải Việt Nam,OTC,4,1,3,1.76E+13,3,0,0,138,1.12E+14,1.37E+13,0.018585079,1.22E+11,2.17,-4.29E+11,3.62E+13,4.81E+13,26,5.68E+13,19.48
2018,MSB,Ngân hàng TMCP Hàng hải Việt Nam,OTC,6,0,5,2.21E+13,2,1,1,91,1.38E+14,1.38E+13,0.02760365,8.68E+11,N/a,-9.94E+11,4.88E+13,5.83E+13,27,6.35E+13,12.17
2007,NamABank,Ngân hàng TMCP Nam Á,OTC,4,1,4,7.97E+11,0,0,0,94,5.24E+12,6.67E+11,0.038855831,75106039587,1.64,-8062712488,2.70E+12,1.83E+12,15,2.80E+12,21.07
2008,NamABank,Ngân hàng TMCP Nam Á,OTC,4,1,4,1.18E+12,0,0,0,98,5.89E+12,1.29E+12,0.022032465,9710197737,2.56,-19791826327,3.75E+12,1.00E+12,16,3.41E+12,29.81
2009,NamABank,Ngân hàng TMCP Nam Á,OTC,4,1,4,1.48E+12,0,0,0,55,1.09E+13,1.34E+12,0.028632797,56259756014,1.71,-25691225356,5.01E+12,3.72E+12,17,4.50E+12,19.24
2010,NamABank,Ngân hàng TMCP Nam Á,OTC,4,1,4,3.68E+12,1,0,0,81,1.45E+13,2.17E+12,0.025880373,1.39E+11,2.18,-54368564736,5.30E+12,4.11E+12,18,5.78E+12,18.04
2011,NamABank,Ngân hàng TMCP Nam Á,OTC,6,2,5,5.19E+12,3,0,0,90,1.89E+13,3.15E+12,0.038641116,2.41E+11,2.84,-52679191991,6.94E+12,5.84E+12,19,0,20.29
2012,NamABank,Ngân hàng TMCP Nam Á,OTC,7,2,6,3.56E+12,3,0,0,35,1.60E+13,3.28E+12,0.034265118,1.81E+11,2.7,-69622438662,6.85E+12,3.98E+12,20,8.73E+12,21.44
2013,NamABank,Ngân hàng TMCP Nam Á,OTC,8,2,7,3.26E+12,4,0,0,79,2.88E+13,3.26E+12,0.02112806,1.35E+11,1.48,-76467702871,1.16E+13,7.26E+12,21,1.37E+13,13.47
2014,NamABank,Ngân hàng TMCP Nam Á,OTC,6,2,4,3.54E+12,4,0,0,58,3.73E+13,3.33E+12,0.023014522,1.87E+11,1.4,-1.50E+11,1.59E+13,1.30E+13,22,2.03E+13,10.66
2015,NamABank,Ngân hàng TMCP Nam Á,OTC,5,2,3,2.73E+12,4,0,0,70,3.55E+13,3.41E+12,0.029468663,1.94E+11,0.91,-1.95E+11,2.09E+13,9.62E+12,23,2.44E+13,12.92
2016,NamABank,Ngân hàng TMCP Nam Á,OTC,5,2,3,5.32E+12,3,0,0,107,4.29E+13,3.43E+12,0.032689094,32863000000,2.94,-3.90E+11,2.40E+13,8.11E+12,24,3.41E+13,11.18
2017,NamABank,Ngân hàng TMCP Nam Á,OTC,6,2,5,1.85E+12,2,0,0,99,5.44E+13,3.67E+12,0.02632185,2.39E+11,1.95,-8.43E+11,3.63E+13,1.06E+13,25,3.99E+13,12.63
2018,NamABank,Ngân hàng TMCP Nam Á,OTC,6,2,5,2.33E+12,2,1,1,57,7.51E+13,4.23E+12,0.027236522,5.91E+11,1.54,-7.72E+11,5.08E+13,1.67E+13,26,5.42E+13,11.15
2007,NVB,Ngân hàng TMCP Quốc Dân (NCB),HNX,7,0,5,6.49E+11,0,0,0,59,9.90E+12,5.79E+11,0.015112177,74733459801,0.16,-6095385812,4.36E+12,4.89E+12,12,6.14E+12,N/a
2008,NVB,Ngân hàng TMCP Quốc Dân (NCB),HNX,7,0,6,8.95E+11,0,0,0,132,1.09E+13,1.08E+12,0.022048883,57144738538,2.91,-21942031358,5.47E+12,4.52E+12,13,6.02E+12,14
2009,NVB,Ngân hàng TMCP Quốc Dân (NCB),HNX,7,0,6,1.05E+12,0,0,0,90,1.87E+13,1.17E+12,0.020756376,1.42E+11,2.45,-95404221069,9.96E+12,5.58E+12,14,9.63E+12,8.87
2010,NVB,Ngân hàng TMCP Quốc Dân (NCB),HNX,7,0,6,2.68E+12,0,0,0,90,2.00E+13,2.02E+12,0.028030755,1.57E+11,2.24,-1.28E+11,1.08E+13,4.87E+12,15,1.07E+13,19.47
2011,NVB,Ngân hàng TMCP Quốc Dân (NCB),HNX,7,0,6,3.70E+12,0,0,0,86,2.25E+13,3.22E+12,0.040958018,1.66E+11,2.92,-1.59E+11,1.29E+13,4.18E+12,16,1.48E+13,17.18
2012,NVB,Ngân hàng TMCP Quốc Dân (NCB),HNX,7,0,6,4.53E+12,4,0,0,112,2.16E+13,3.18E+12,0.040851696,2174268036,5.64,-2.19E+11,1.29E+13,2.15E+12,17,1.23E+13,19.09
2013,NVB,Ngân hàng TMCP Quốc Dân (NCB),HNX,5,0,4,5.77E+12,5,0,0,90,2.91E+13,3.20E+12,0.029535125,18454083665,6.07,-2.09E+11,1.35E+13,7.06E+12,18,1.84E+13,16.03
2014,NVB,Ngân hàng TMCP Quốc Dân (NCB),HNX,6,0,4,7.54E+12,3,0,0,90,3.68E+13,3.21E+12,0.022830104,8134266795,2.52,-1.95E+11,1.66E+13,8.69E+12,19,2.44E+13,10.83
2015,NVB,Ngân hàng TMCP Quốc Dân (NCB),HNX,6,0,5,9.52E+12,1,0,0,88,4.82E+13,3.22E+12,0.022433364,6490161635,2.15,-2.09E+11,2.04E+13,1.23E+13,20,3.40E+13,11.08
2016,NVB,Ngân hàng TMCP Quốc Dân (NCB),HNX,5,0,4,1.14E+13,2,0,0,89,6.90E+13,3.23E+12,0.019782276,10838000000,1.48,-2.90E+11,2.54E+13,2.20E+13,21,4.18E+13,10.58
2017,NVB,Ngân hàng TMCP Quốc Dân (NCB),HNX,5,0,4,1.24E+13,3,0,0,89,7.18E+13,3.22E+12,0.019089851,21955000000,1.54,-3.59E+11,3.21E+13,1.89E+13,22,4.57E+13,9.27
2018,NVB,Ngân hàng TMCP Quốc Dân (NCB),HNX,8,1,5,1.23E+13,3,0,0,87,7.24E+13,3.23E+12,0.016404927,36240000000,1.67,-3.93E+11,3.57E+13,1.71E+13,23,4.71E+13,9.58
2007,OCB,Ngân hàng TMCP Phương Đông,OTC,,,,1.03E+12,,0,0,53,1.18E+13,1.66E+12,0.044046917,1.69E+11,1.39,-42132000000,7.56E+12,3.29E+12,11,5.77E+12,20.78
2008,OCB,Ngân hàng TMCP Phương Đông,OTC,6,0,6,9.14E+11,0,0,0,84,1.01E+13,1.59E+12,0.026162089,65033000000,2.87,-69826000000,8.60E+12,5.14E+11,12,6.80E+12,21.64
2009,OCB,Ngân hàng TMCP Phương Đông,OTC,7,0,7,1.09E+12,0,0,0,56,1.27E+13,2.33E+12,0.045604482,2.06E+11,2.64,-1.07E+11,1.02E+13,1.37E+12,13,8.05E+12,28.71
2010,OCB,Ngân hàng TMCP Phương Đông,OTC,7,0,7,2.20E+12,2,0,0,26,1.97E+13,3.14E+12,0.043227086,3.04E+11,2.05,-1.05E+11,1.16E+13,5.05E+12,14,8.69E+12,20.59
2011,OCB,Ngân hàng TMCP Phương Đông,OTC,,,,3.34E+12,,0,0,305,2.54E+13,3.75E+12,0.045400499,3.03E+11,2.8,-1.74E+11,1.38E+13,5.47E+12,15,9.79E+12,24.88
2012,OCB,Ngân hàng TMCP Phương Đông,OTC,7,0,7,3.82E+12,0,0,0,88,2.74E+13,3.82E+12,0.05187891,2.30E+11,2.8,-3.11E+11,1.72E+13,6.19E+12,16,1.53E+13,N/a
2013,OCB,Ngân hàng TMCP Phương Đông,OTC,7,0,7,2.74E+12,1,0,0,87,3.28E+13,3.96E+12,0.046868437,2.41E+11,2.9,-2.05E+11,2.02E+13,9.57E+12,17,1.91E+13,N/a
2014,OCB,Ngân hàng TMCP Phương Đông,OTC,7,1,7,2.15E+12,1,0,0,84,3.91E+13,4.02E+12,0.03209749,2.21E+11,3,-3.04E+11,2.15E+13,1.26E+13,18,2.39E+13,N/a
2015,OCB,Ngân hàng TMCP Phương Đông,OTC,5,0,5,2.60E+12,2,0,0,85,4.94E+13,4.23E+12,0.031773191,2.09E+11,1.95,-2.41E+11,2.77E+13,1.78E+13,19,2.95E+13,N/a
2016,OCB,Ngân hàng TMCP Phương Đông,OTC,5,0,5,2.78E+12,4,0,0,83,6.38E+13,4.72E+12,0.030786981,3.87E+11,1.51,-3.32E+11,3.85E+13,1.95E+13,20,4.31E+13,N/a
2017,OCB,Ngân hàng TMCP Phương Đông,OTC,5,2,5,5.81E+12,5,0,0,74,8.43E+13,6.14E+12,0.03441748,8.17E+11,1.48,-4.04E+11,4.82E+13,3.20E+13,21,5.32E+13,N/a
2018,OCB,Ngân hàng TMCP Phương Đông,OTC,5,2,5,4.48E+12,5,1,1,77,1.00E+14,8.80E+12,0.039499519,1.76E+12,1.87,-5.65E+11,5.63E+13,3.85E+13,22,6.04E+13,12.04
2007,PGBank,Ngân hàng TMCP Xăng dầu Petrolimex,OTC,,,,6.55E+11,,0,0,101,4.68E+12,5.43E+11,0.028158156,40920332907,-,-3887403383,1.92E+12,2.16E+12,14,1.31E+12,19.76
2008,PGBank,Ngân hàng TMCP Xăng dầu Petrolimex,OTC,,,,7.93E+11,,0,0,73,6.18E+12,1.03E+12,0.029419971,65536496711,1.4,-17726910966,2.37E+12,3.17E+12,15,2.20E+12,26.94
2009,PGBank,Ngân hàng TMCP Xăng dầu Petrolimex,OTC,,,,7.15E+11,,0,0,90,1.04E+13,1.09E+12,0.039036091,1.75E+11,1.23,-47076064683,6.27E+12,3.37E+12,16,6.90E+12,12.9
2010,PGBank,Ngân hàng TMCP Xăng dầu Petrolimex,OTC,,,,1.69E+12,,0,0,90,1.64E+13,2.17E+12,0.042366278,2.19E+11,1.42,-1.05E+11,1.09E+13,2.02E+12,17,1.07E+13,20.6
2011,PGBank,Ngân hàng TMCP Xăng dầu Petrolimex,OTC,,,,1.23E+12,,0,0,91,1.76E+13,2.59E+12,0.07063483,4.46E+11,2.06,-1.84E+11,1.21E+13,4.24E+12,18,1.09E+13,16.7
2012,PGBank,Ngân hàng TMCP Xăng dầu Petrolimex,OTC,,,,6.69E+11,,0,0,88,1.93E+13,3.19E+12,0.056150387,2.40E+11,8.44,-3.18E+11,1.38E+13,3.18E+12,19,1.23E+13,22.6
2013,PGBank,Ngân hàng TMCP Xăng dầu Petrolimex,OTC,,,,1.00E+12,,0,0,76,2.49E+13,3.21E+12,0.025540637,38201899810,2.98,-1.87E+11,1.39E+13,9.25E+12,20,1.39E+13,19.1
2014,PGBank,Ngân hàng TMCP Xăng dầu Petrolimex,OTC,,,,1.05E+12,,0,0,85,2.58E+13,3.34E+12,0.027016425,1.31E+11,2.48,-1.73E+11,1.45E+13,8.88E+12,21,1.80E+13,17.1
2015,PGBank,Ngân hàng TMCP Xăng dầu Petrolimex,OTC,9,0,7,9.15E+11,0,0,0,91,2.47E+13,3.37E+12,0.027022192,40808000000,2.68,-1.78E+11,1.59E+13,5.82E+12,22,1.69E+13,21.4
2016,PGBank,Ngân hàng TMCP Xăng dầu Petrolimex,OTC,9,0,7,7.70E+11,0,0,0,90,2.48E+13,3.50E+12,0.029081116,1.23E+11,2.47,-1.75E+11,1.75E+13,4.29E+12,23,1.83E+13,18.13
2017,PGBank,Ngân hàng TMCP Xăng dầu Petrolimex,OTC,8,0,5,6.91E+11,0,0,0,89,2.93E+13,3.56E+12,0.02976076,64505042307,3.23,-2.28E+11,2.14E+13,4.96E+12,24,2.29E+13,14.89
2018,PGBank,Ngân hàng TMCP Xăng dầu Petrolimex,OTC,9,0,5,1.05E+12,0,0,0,88,2.99E+13,3.69E+12,0.029509848,1.27E+11,3.06,-2.25E+11,2.21E+13,4.99E+12,25,2.33E+13,14.55
2007,PVcomBank,Ngân hàng TMCP Đại chúng Việt Nam,OTC,,,,,,0,0,,,,,,-,,,,,,-
2008,PVcomBank,Ngân hàng TMCP Đại chúng Việt Nam,OTC,,,,,,0,0,,,,,,-,,,,,,-
2009,PVcomBank,Ngân hàng TMCP Đại chúng Việt Nam,OTC,,,,,,0,0,,,,,,-,,,,,,-
2010,PVcomBank,Ngân hàng TMCP Đại chúng Việt Nam,OTC,,,,,,0,0,,,,,,-,,,,,,-
2011,PVcomBank,Ngân hàng TMCP Đại chúng Việt Nam,OTC,,,,,,0,0,,,,,,-,,,,,,-
2012,PVcomBank,Ngân hàng TMCP Đại chúng Việt Nam,OTC,,,,,,0,0,,,,,,4.42,,,,,,-
2013,PVcomBank,Ngân hàng TMCP Đại chúng Việt Nam,OTC,7,0,7,3.14E+13,0,0,0,74,1.01E+14,9.69E+12,,27909039137,5.06,-1.42E+12,4.18E+13,1.86E+13,0,4.92E+13,12.95
2014,PVcomBank,Ngân hàng TMCP Đại chúng Việt Nam,OTC,7,0,7,2.32E+13,0,0,0,117,1.08E+14,9.69E+12,-0.006770953,1.52E+11,2.67,-1.08E+12,4.30E+13,3.06E+13,1,7.10E+13,11.35
2015,PVcomBank,Ngân hàng TMCP Đại chúng Việt Nam,OTC,7,0,7,2.55E+13,0,0,0,,9.86E+13,1.01E+13,0.005180581,72103000000,1.9,-5.88E+11,4.02E+13,2.90E+13,2,6.47E+13,N/a
2016,PVcomBank,Ngân hàng TMCP Đại chúng Việt Nam,OTC,6,2,6,2.76E+13,0,0,0,,1.14E+14,9.93E+12,0.01091342,65538000000,1.38,-8.22E+11,5.00E+13,2.95E+13,3,8.36E+13,N/a
2017,PVcomBank,Ngân hàng TMCP Đại chúng Việt Nam,OTC,7,1,6,2.61E+13,4,0,0,,1.27E+14,1.01E+13,0.012413275,88150000000,1.75,-8.99E+11,5.91E+13,3.73E+13,4,8.87E+13,N/a
2018,PVcomBank,Ngân hàng TMCP Đại chúng Việt Nam,OTC,7,1,6,3.00E+13,6,0,0,90,1.41E+14,1.02E+13,0.009605732,84473000000,<2,-1.00E+12,7.00E+13,3.96E+13,5,1.03E+14,N/a
2007,SCB,Ngân hàng TMCP Sài Gòn,OTC,4,1,2,2.19E+12,0,0,0,,2.60E+13,2.67E+12,0.026376509,2.60E+11,0.34,-81163000000,1.95E+13,4.38E+12,15,1.60E+13,11-17.98
2008,SCB,Ngân hàng TMCP Sài Gòn,OTC,4,2,2,5.90E+12,0,0,0,22,3.86E+13,2.81E+12,0.036034402,4.64E+11,0.57,-1.78E+11,2.33E+13,9.42E+12,16,2.30E+13,9.91
2009,SCB,Ngân hàng TMCP Sài Gòn,OTC,4,2,2,9.22E+12,0,0,0,76,5.45E+13,4.58E+12,0.02135984,3.15E+11,1.28,-3.41E+11,3.13E+13,1.40E+13,17,3.01E+13,11.54
2010,SCB,Ngân hàng TMCP Sài Gòn,OTC,4,1,4,1.51E+13,0,0,0,59,6.02E+13,4.71E+12,0.010206546,2.78E+11,11.4,-7.69E+11,3.32E+13,1.19E+13,18,3.51E+13,10.32
2011,SCB,Ngân hàng TMCP Sài Gòn,OTC,,,,5.73E+13,,0,0,,1.45E+14,1.13E+13,0,0,N/a,-1.65E+12,6.61E+13,1.44E+13,19,5.86E+13,-
2012,SCB,Ngân hàng TMCP Sài Gòn,OTC,9,1,8,4.46E+13,1,0,0,87,1.49E+14,1.14E+13,0.033276107,63835000000,7.23,-9.89E+11,8.82E+13,8.13E+12,20,7.92E+13,10.35
2013,SCB,Ngân hàng TMCP Sài Gòn,OTC,6,0,5,5.57E+13,1,0,0,27,1.81E+14,1.31E+13,0.017247873,42573000000,1.6,-6.54E+11,8.90E+13,1.79E+13,21,1.47E+14,9.95
2014,SCB,Ngân hàng TMCP Sài Gòn,OTC,5,0,4,4.66E+13,1,0,0,58,2.42E+14,1.32E+13,0.012746489,90237000000,0.49,-7.28E+11,1.34E+14,4.21E+13,22,1.99E+14,9.39
2015,SCB,Ngân hàng TMCP Sài Gòn,OTC,6,0,5,5.10E+13,1,0,0,75,3.12E+14,1.52E+13,0.019772954,76406000000,0.34,-1.23E+12,1.70E+14,6.22E+13,23,2.56E+14,9.95
2016,SCB,Ngân hàng TMCP Sài Gòn,OTC,5,1,4,5.81E+13,4,0,0,83,3.62E+14,1.55E+13,0.010404695,75269000000,0.68,-2.11E+12,2.22E+14,5.68E+13,24,2.95E+14,11.17
2017,SCB,Ngân hàng TMCP Sài Gòn,OTC,7,2,5,6.69E+13,8,0,0,75,4.44E+14,1.54E+13,0.00555708,1.20E+11,0.45,-2.35E+12,2.67E+14,7.65E+13,25,3.46E+14,N/a
2018,SCB,Ngân hàng TMCP Sài Gòn,OTC,7,3,4,1.10E+14,6,1,1,88,5.09E+14,1.64E+13,0.00748672,1.69E+11,0.42,-2.72E+12,3.02E+14,6.51E+13,26,3.85E+14,0
2007,SeABank,Ngân hàng TMCP Đông Nam Á,OTC,5,2,3,2.14E+12,0,0,0,80,2.62E+13,3.37E+12,0.028389669,2.99E+11,0.24,-46274923746,1.10E+13,1.17E+13,13,1.07E+13,N/a
2008,SeABank,Ngân hàng TMCP Đông Nam Á,OTC,5,2,3,3.28E+12,0,0,0,110,2.25E+13,4.18E+12,0.029580791,3.21E+11,2.14,-78917000000,7.59E+12,1.19E+13,14,8.59E+12,N/a
2009,SeABank,Ngân hàng TMCP Đông Nam Á,OTC,10,3,8,2.80E+12,0,0,0,,3.06E+13,5.48E+12,0.030706225,4.60E+11,1.88,-1.61E+11,9.63E+12,1.76E+13,15,1.23E+13,N/a
2010,SeABank,Ngân hàng TMCP Đông Nam Á,OTC,10,3,7,3.81E+12,0,0,0,,5.52E+13,5.74E+12,0.028383616,6.29E+11,2.14,-3.23E+11,2.17E+13,3.04E+13,16,2.48E+13,13.72
2011,SeABank,Ngân hàng TMCP Đông Nam Á,OTC,10,2,6,6.33E+12,2,0,0,,1.01E+14,5.54E+12,0.011627454,1.26E+11,2.75,-3.28E+11,1.96E+13,7.40E+13,17,3.44E+13,13.29
2012,SeABank,Ngân hàng TMCP Đông Nam Á,OTC,10,2,6,7.54E+12,4,0,0,,7.51E+13,5.58E+12,0.014272442,52744000000,2.97,-4.64E+11,1.67E+13,4.72E+13,18,3.14E+13,15.5
2013,SeABank,Ngân hàng TMCP Đông Nam Á,OTC,10,2,8,8.03E+12,4,0,0,88,7.99E+13,5.73E+12,0.012372995,1.52E+11,2.74,-5.06E+11,2.09E+13,2.47E+13,19,3.62E+13,14.29
2014,SeABank,Ngân hàng TMCP Đông Nam Á,OTC,10,2,8,6.27E+12,4,0,0,90,8.02E+13,5.68E+12,0.009938213,86878000000,2.86,-4.98E+11,3.21E+13,2.88E+13,20,4.50E+13,17.61
2015,SeABank,Ngân hàng TMCP Đông Nam Á,OTC,9,0,7,6.31E+12,4,0,0,90,8.48E+13,5.77E+12,0.015050725,91885000000,1.6,-3.66E+11,4.28E+13,2.73E+13,21,5.70E+13,17.55
2016,SeABank,Ngân hàng TMCP Đông Nam Á,OTC,9,0,8,6.45E+12,4,0,0,89,1.03E+14,5.88E+12,0.021020235,1.17E+11,1.84,-5.44E+11,5.90E+13,2.86E+13,22,7.21E+13,15.59
2017,SeABank,Ngân hàng TMCP Đông Nam Á,OTC,7,1,5,1.07E+13,6,0,0,90,1.25E+14,6.17E+12,0.01867803,3.05E+11,0.91,-6.04E+11,7.05E+13,4.13E+13,23,8.00E+13,13.39
2018,SeABank,Ngân hàng TMCP Đông Nam Á,OTC,7,1,6,1.40E+13,4,1,1,70,1.40E+14,8.30E+12,0.019415933,4.93E+11,1.57,-9.02E+11,8.39E+13,4.32E+13,24,8.43E+13,12.6
2007,SGB,Ngân hàng TMCP Sài Gòn Công Thương,OTC,,,,5.07E+11,,0,0,,1.02E+13,1.43E+12,0.046403995,1.71E+11,0.42,-62944771081,7.36E+12,1.77E+12,20,6.47E+12,N/a
2008,SGB,Ngân hàng TMCP Sài Gòn Công Thương,OTC,6,0,6,8.92E+11,0,0,0,75,1.12E+13,1.47E+12,0.031150218,1.61E+11,0.69,-71925756550,7.92E+12,1.92E+12,21,7.16E+12,14.42
2009,SGB,Ngân hàng TMCP Sài Gòn Công Thương,OTC,6,0,6,1.00E+12,0,0,0,15,1.19E+13,1.93E+12,0.048341965,2.10E+11,1.78,-1.22E+11,9.72E+12,6.05E+11,22,8.48E+12,15.87
2010,SGB,Ngân hàng TMCP Sài Gòn Công Thương,OTC,5,0,5,2.16E+12,0,0,0,59,1.68E+13,3.53E+12,0.044848351,7.95E+11,1.91,-1.46E+11,1.05E+13,2.98E+12,23,9.07E+12,N/a
2011,SGB,Ngân hàng TMCP Sài Gòn Công Thương,OTC,5,0,5,1.36E+12,0,0,0,46,1.54E+13,3.30E+12,0.058769877,3.04E+11,4.75,-2.37E+11,1.12E+13,1.66E+12,24,8.93E+12,22.83
2012,SGB,Ngân hàng TMCP Sài Gòn Công Thương,OTC,5,0,4,1.60E+12,3,0,0,84,1.49E+13,3.54E+12,0.070947446,2.97E+11,2.93,-1.09E+11,1.09E+13,1.70E+12,25,1.05E+13,23.94
2013,SGB,Ngân hàng TMCP Sài Gòn Công Thương,OTC,7,0,6,1.55E+12,2,0,0,76,1.47E+13,3.50E+12,0.051988385,1.73E+11,2.42,-1.02E+11,1.07E+13,1.38E+12,26,1.08E+13,24.05
2014,SGB,Ngân hàng TMCP Sài Gòn Công Thương,OTC,7,0,6,1.71E+12,4,0,0,64,1.58E+13,3.49E+12,0.04960507,1.81E+11,2.08,-92901666489,1.12E+13,1.40E+12,27,1.18E+13,22.03
2015,SGB,Ngân hàng TMCP Sài Gòn Công Thương,OTC,5,0,4,1.52E+12,4,0,0,,1.77E+13,3.39E+12,0.041053838,43114000000,1.88,-91837000000,1.16E+13,1.85E+12,28,1.31E+13,19.98
2016,SGB,Ngân hàng TMCP Sài Gòn Công Thương,OTC,5,0,4,1.48E+12,4,0,0,79,1.90E+13,3.51E+12,0.037426953,1.39E+11,2.63,-1.03E+11,1.25E+13,2.36E+12,29,1.42E+13,23.36
2017,SGB,Ngân hàng TMCP Sài Gòn Công Thương,OTC,6,0,4,1.38E+12,5,0,0,85,2.13E+13,3.42E+12,0.035012325,54595000000,2.97,-1.17E+11,1.41E+13,3.86E+12,30,1.48E+13,19
2018,SGB,Ngân hàng TMCP Sài Gòn Công Thương,OTC,4,0,4,1.42E+12,3,0,0,60,2.04E+13,3.43E+12,0.03396489,41631000000,2.19,-1.12E+11,1.37E+13,3.12E+12,31,1.47E+13,22.16
2007,SHB,Ngân hàng TMCP Sài Gòn - Hà Nội,HNX,4,2,3,2.21E+12,0,0,0,77,1.24E+13,2.18E+12,0.015787519,1.27E+11,0.5,-8083157182,4.18E+12,5.60E+12,14,2.80E+12,-
2008,SHB,Ngân hàng TMCP Sài Gòn - Hà Nội,HNX,6,2,5,3.01E+12,0,0,0,62,1.44E+13,2.27E+12,0.014941077,1.95E+11,1.89,-25540939794,6.25E+12,4.61E+12,15,9.51E+12,25.8
2009,SHB,Ngân hàng TMCP Sài Gòn - Hà Nội,HNX,6,2,5,2.49E+12,0,0,0,89,2.75E+13,2.42E+12,0.035399662,3.18E+11,2.79,-1.27E+11,1.28E+13,1.06E+13,16,1.47E+13,17.06
2010,SHB,Ngân hàng TMCP Sài Gòn - Hà Nội,HNX,7,2,6,5.73E+12,0,0,0,46,5.10E+13,4.18E+12,0.034608358,4.94E+11,1.4,-2.73E+11,2.44E+13,1.97E+13,17,2.56E+13,13.81
2011,SHB,Ngân hàng TMCP Sài Gòn - Hà Nội,HNX,7,1,6,7.84E+12,3,0,0,60,7.10E+13,5.83E+12,0.034992698,7.53E+11,1.37,-3.55E+11,2.92E+13,3.14E+13,18,3.48E+13,13.37
2012,SHB,Ngân hàng TMCP Sài Gòn - Hà Nội,HNX,7,2,6,1.40E+13,3,0,0,90,1.17E+14,9.51E+12,0.022634683,26036000000,8.8,-1.25E+12,5.69E+13,3.25E+13,19,7.76E+13,14.18
2013,SHB,Ngân hàng TMCP Sài Gòn - Hà Nội,HNX,7,2,6,1.62E+13,3,1,1,90,1.44E+14,1.04E+13,0.018297385,8.50E+11,5.48,-1.19E+12,7.65E+13,2.78E+13,20,9.08E+13,12.38
2014,SHB,Ngân hàng TMCP Sài Gòn - Hà Nội,HNX,6,2,5,1.83E+13,4,1,1,90,1.69E+14,1.05E+13,0.019597613,7.91E+11,1.77,-1.05E+12,1.04E+14,3.37E+13,21,1.23E+14,11.33
2015,SHB,Ngân hàng TMCP Sài Gòn - Hà Nội,HNX,5,2,4,2.12E+13,5,1,1,105,2.05E+14,1.13E+13,0.02211648,7.95E+11,1.72,-1.42E+12,1.31E+14,3.78E+13,22,1.49E+14,11.4
2016,SHB,Ngân hàng TMCP Sài Gòn - Hà Nội,HNX,6,1,5,1.85E+13,6,1,1,90,2.34E+14,1.32E+13,0.02093309,9.13E+11,1.87,-1.80E+12,1.62E+14,3.68E+13,23,1.67E+14,12.99
2017,SHB,Ngân hàng TMCP Sài Gòn - Hà Nội,HNX,7,2,6,2.75E+13,6,1,1,96,2.86E+14,1.47E+13,0.02024066,1.54E+12,2.33,-2.85E+12,1.98E+14,4.39E+13,24,1.95E+14,11.29
2018,SHB,Ngân hàng TMCP Sài Gòn - Hà Nội,HNX,7,1,6,2.27E+13,6,1,1,79,3.23E+14,1.63E+13,0.019875513,1.67E+12,2.4,-3.00E+12,2.17E+14,5.88E+13,25,2.25E+14,11.79
2007,STB,Ngân hàng TMCP Sài Gòn Thương Tín,HoSE,10,0,10,1.15E+13,0,0,0,,6.46E+13,7.35E+12,0.031748123,1.40E+12,0.23,-1.78E+11,3.54E+13,1.99E+13,15,4.42E+13,11.07
2008,STB,Ngân hàng TMCP Sài Gòn Thương Tín,HoSE,9,0,9,1.40E+13,0,0,0,69,6.84E+13,7.76E+12,0.021337246,9.55E+11,0.6,-2.52E+11,3.50E+13,1.89E+13,16,4.61E+13,12.16
2009,STB,Ngân hàng TMCP Sài Gòn Thương Tín,HoSE,9,0,9,1.66E+13,0,0,0,60,1.04E+14,1.05E+13,0.032474843,1.67E+12,0.64,-5.16E+11,5.97E+13,2.82E+13,17,6.05E+13,11.41
2010,STB,Ngân hàng TMCP Sài Gòn Thương Tín,HoSE,8,0,8,2.35E+13,1,0,0,73,1.52E+14,1.40E+13,0.035975144,1.87E+12,0.54,-8.21E+11,8.25E+13,4.68E+13,18,7.83E+13,9.97
2011,STB,Ngân hàng TMCP Sài Gòn Thương Tín,HoSE,7,0,7,2.41E+13,1,0,0,69,1.41E+14,1.45E+13,0.047455756,2.07E+12,0.58,-8.13E+11,8.05E+13,3.61E+13,19,7.51E+13,11.66
2012,STB,Ngân hàng TMCP Sài Gòn Thương Tín,HoSE,8,2,6,2.31E+13,2,0,0,91,1.52E+14,1.37E+13,0.052741404,1.00E+12,2.05,-1.45E+12,9.63E+13,2.87E+13,20,1.07E+14,9.53
2013,STB,Ngân hàng TMCP Sài Gòn Thương Tín,HoSE,10,1,7,2.00E+13,3,1,1,51,1.61E+14,1.71E+13,0.049014705,2.23E+12,1.46,-1.35E+12,1.11E+14,3.06E+13,21,1.32E+14,10.22
2014,STB,Ngân hàng TMCP Sài Gòn Thương Tín,HoSE,9,1,6,2.77E+13,5,1,1,78,1.90E+14,1.81E+13,0.04325477,2.21E+12,1.19,-1.37E+12,1.28E+14,3.52E+13,22,1.63E+14,9.87
2015,STB,Ngân hàng TMCP Sài Gòn Thương Tín,HoSE,9,1,6,5.52E+13,5,1,1,149,2.92E+14,2.21E+13,0.032957867,6.48E+11,5.85,-2.26E+12,1.86E+14,3.49E+13,23,2.61E+14,10
2016,STB,Ngân hàng TMCP Sài Gòn Thương Tín,HoSE,9,1,6,5.48E+13,14,1,1,149,3.32E+14,2.22E+13,0.015642901,88609000000,6.81,-2.43E+12,1.99E+14,3.90E+13,24,2.92E+14,10.82
2017,STB,Ngân hàng TMCP Sài Gòn Thương Tín,HoSE,6,2,5,5.99E+13,12,1,1,89,3.68E+14,2.32E+13,0.018020633,1.00E+12,4.59,-2.75E+12,2.23E+14,4.00E+13,25,3.20E+14,11.3
2018,STB,Ngân hàng TMCP Sài Gòn Thương Tín,HoSE,7,2,6,5.68E+13,12,1,1,88,4.06E+14,2.46E+13,0.023207404,1.79E+12,2.11,-3.52E+12,2.57E+14,5.20E+13,26,3.49E+14,>=9
2007,TCB,Ngân hàng TMCP Kỹ thương Việt Nam,HoSE,9,0,9,2.26E+12,2,0,0,,3.95E+13,3.57E+12,0.036392749,5.10E+11,-,0,1.98E+13,1.81E+13,14,2.45E+13,14.3
2008,TCB,Ngân hàng TMCP Kỹ thương Việt Nam,HoSE,8,0,8,5.02E+12,2,0,0,71,5.94E+13,5.62E+12,0.038073485,1.17E+12,2.52,0,2.60E+13,2.92E+13,15,3.99E+13,13.99
2009,TCB,Ngân hàng TMCP Kỹ thương Việt Nam,HoSE,9,0,8,7.88E+12,1,0,0,70,9.26E+13,7.32E+12,0.035957876,1.70E+12,2.49,-5.12E+11,4.21E+13,3.94E+13,16,6.23E+13,9.6
2010,TCB,Ngân hàng TMCP Kỹ thương Việt Nam,HoSE,9,0,8,1.67E+13,1,0,0,67,1.50E+14,9.39E+12,0.029178428,2.07E+12,2.29,-6.11E+11,5.29E+13,7.73E+13,17,8.06E+13,13.11
2011,TCB,Ngân hàng TMCP Kỹ thương Việt Nam,HoSE,9,0,8,2.11E+13,2,0,0,82,1.81E+14,1.25E+13,0.036161092,3.15E+12,2.82,-8.89E+11,6.35E+13,9.19E+13,18,8.86E+13,11.43
2012,TCB,Ngân hàng TMCP Kỹ thương Việt Nam,HoSE,8,0,8,2.78E+13,4,0,0,79,1.80E+14,1.33E+13,0.032828264,7.66E+11,2.69,-1.13E+12,6.83E+13,7.14E+13,19,1.11E+14,12.6
2013,TCB,Ngân hàng TMCP Kỹ thương Việt Nam,HoSE,9,0,8,2.05E+13,1,1,1,81,1.59E+14,1.39E+13,0.02983864,6.59E+11,3.65,-1.19E+12,7.03E+13,6.18E+13,20,1.20E+14,14.03
2014,TCB,Ngân hàng TMCP Kỹ thương Việt Nam,HoSE,7,0,6,1.96E+13,3,1,1,75,1.76E+14,1.50E+13,0.039171646,1.08E+12,2.38,-9.60E+11,8.03E+13,6.26E+13,21,1.32E+14,15.65
2015,TCB,Ngân hàng TMCP Kỹ thương Việt Nam,HoSE,7,0,6,1.75E+13,4,1,1,75,1.92E+14,1.65E+13,0.043580717,1.53E+12,1.67,-1.16E+12,1.12E+14,5.13E+13,22,1.42E+14,14.7
2016,TCB,Ngân hàng TMCP Kỹ thương Việt Nam,HoSE,7,0,7,2.15E+13,5,1,1,82,2.35E+14,1.96E+13,0.041929123,3.15E+12,1.57,-1.50E+12,1.43E+14,5.82E+13,23,1.73E+14,13.12
2017,TCB,Ngân hàng TMCP Kỹ thương Việt Nam,HoSE,7,0,6,2.24E+13,4,1,1,40,2.69E+14,2.69E+13,0.038751858,6.45E+12,1.61,-1.88E+12,1.61E+14,7.33E+13,24,1.71E+14,12.68
2018,TCB,Ngân hàng TMCP Kỹ thương Việt Nam,HoSE,7,0,6,2.81E+13,2,1,1,74,3.21E+14,5.18E+13,0.041214451,8.49E+12,1.75,-2.39E+12,1.60E+14,1.09E+14,25,2.01E+14,12.68
2007,TPB,Ngân hàng TMCP Tiên Phong,HoSE,,,,,,0,0,,,,,,-,,,,,,-
2008,TPB,Ngân hàng TMCP Tiên Phong,HoSE,7,0,6,1.89E+11,0,0,0,64,2.42E+12,1.02E+12,,50511054000,N/a,0,2.75E+11,1.95E+12,0,1.17E+12,286
2009,TPB,Ngân hàng TMCP Tiên Phong,HoSE,7,0,6,1.43E+12,0,0,0,60,1.07E+13,1.64E+12,0.03754944,1.28E+11,0,-21052381000,3.19E+12,6.26E+12,1,4.23E+12,18
2010,TPB,Ngân hàng TMCP Tiên Phong,HoSE,7,0,6,5.34E+12,0,0,0,75,2.09E+13,3.20E+12,0.01712142,1.62E+11,0.02,-68820258000,5.22E+12,1.04E+13,2,7.56E+12,18
2011,TPB,Ngân hàng TMCP Tiên Phong,HoSE,6,0,6,4.30E+12,0,0,0,,2.49E+13,1.67E+12,-0.008832159,-1.37E+12,N/a,-60441196994,3.66E+12,1.69E+13,3,6.24E+12,N/a
2012,TPB,Ngân hàng TMCP Tiên Phong,HoSE,8,0,8,5.23E+11,0,0,0,78,1.51E+13,3.32E+12,0.015609732,1.16E+11,3.66,-92672320042,6.08E+12,7.83E+12,4,9.27E+12,40.15
2013,TPB,Ngân hàng TMCP Tiên Phong,HoSE,8,0,8,1.68E+12,0,1,1,79,3.21E+13,3.70E+12,0.026551253,3.81E+11,1.97,-1.17E+11,1.19E+13,1.69E+13,5,1.43E+13,19.81
2014,TPB,Ngân hàng TMCP Tiên Phong,HoSE,8,0,8,1.46E+12,2,1,1,83,5.15E+13,4.24E+12,0.024351367,5.36E+11,1.01,-1.99E+11,1.98E+13,2.82E+13,6,2.16E+13,15.04
2015,TPB,Ngân hàng TMCP Tiên Phong,HoSE,9,0,9,4.69E+12,2,1,1,75,7.62E+13,4.80E+12,0.023085292,5.62E+11,0.66,-2.63E+11,2.82E+13,4.02E+13,7,3.95E+13,12.13
2016,TPB,Ngân hàng TMCP Tiên Phong,HoSE,8,0,8,3.80E+12,7,1,1,72,1.06E+14,5.68E+12,0.024445693,5.65E+11,0.7,-4.09E+11,4.66E+13,4.98E+13,8,5.51E+13,9.3
2017,TPB,Ngân hàng TMCP Tiên Phong,HoSE,8,0,8,9.81E+12,10,1,1,15,1.24E+14,6.68E+12,0.029334321,9.64E+11,1.15,-6.75E+11,6.34E+13,4.95E+13,9,7.03E+13,9.02
2018,TPB,Ngân hàng TMCP Tiên Phong,HoSE,8,0,8,1.25E+13,7,1,1,74,1.36E+14,1.06E+13,0.036792663,1.81E+12,1.1,-8.90E+11,7.72E+13,4.50E+13,10,7.61E+13,10.24
2007,VBB,Ngân hàng TMCP Việt Nam Thương Tín,UPCoM,,,,,,0,0,,,,,,-,,,,1,,-
2008,VBB,Ngân hàng TMCP Việt Nam Thương Tín,UPCoM,,,,,,0,0,,,,,,N/a,,,,2,,-
2009,VBB,Ngân hàng TMCP Việt Nam Thương Tín,UPCoM,,,,,,0,0,,,,,,N/a,,,,3,,-
2010,VBB,Ngân hàng TMCP Việt Nam Thương Tín,UPCoM,,,,,,0,0,,,,,,N/a,,,,4,,-
2011,VBB,Ngân hàng TMCP Việt Nam Thương Tín,UPCoM,,,,1.35E+12,,0,0,,1.83E+13,3.09E+12,,3.64E+11,N/a,-1.06E+11,8.27E+12,6.55E+12,5,5.26E+12,-
2012,VBB,Ngân hàng TMCP Việt Nam Thương Tín,UPCoM,,,,2.21E+12,,0,0,107,1.68E+13,3.09E+12,0.040824907,16765000000,N/a,-1.10E+11,8.73E+12,3.81E+12,6,7.98E+12,-
2013,VBB,Ngân hàng TMCP Việt Nam Thương Tín,UPCoM,,,,,,0,0,,,,,,N/a,,,,7,,-
2014,VBB,Ngân hàng TMCP Việt Nam Thương Tín,UPCoM,,,,,,0,0,,,,,,N/a,,,,8,,-
2015,VBB,Ngân hàng TMCP Việt Nam Thương Tín,UPCoM,,,,,,0,0,106,,,,,1.3,,,,9,,-
2016,VBB,Ngân hàng TMCP Việt Nam Thương Tín,UPCoM,,,,2.01E+12,,0,0,79,3.67E+13,3.07E+12,0.014196358,67141000000,1.69,-2.27E+11,2.63E+13,8.06E+12,10,3.02E+13,10.5
2017,VBB,Ngân hàng TMCP Việt Nam Thương Tín,UPCoM,7,0,7,2.23E+12,0,0,0,90,4.15E+13,3.33E+12,0.020899372,2.62E+11,1.35,-2.44E+11,2.87E+13,8.78E+12,11,3.13E+13,9.35
2018,VBB,Ngân hàng TMCP Việt Nam Thương Tín,UPCoM,7,0,7,3.88E+12,0,0,0,88,5.17E+13,4.51E+12,0.023982363,3.22E+11,1.25,-3.09E+11,3.55E+13,8.32E+12,12,3.99E+13,11.1
2007,VCB,Ngân hàng TMCP Ngoại thương Việt Nam,HoSE,,,,8.88E+12,,0,0,162,1.97E+14,1.36E+13,0.023367715,2.40E+12,2.66,-2.10E+12,9.75E+13,5.19E+13,44,1.42E+14,9.2
2008,VCB,Ngân hàng TMCP Ngoại thương Việt Nam,HoSE,8,0,6,6.31E+12,0,0,0,117,2.22E+14,1.38E+13,0.018293793,1.34E+12,4.61,-4.26E+12,1.13E+14,9.06E+13,45,1.57E+14,8.9
2009,VCB,Ngân hàng TMCP Ngoại thương Việt Nam,HoSE,7,0,5,8.18E+12,0,0,0,90,2.55E+14,1.67E+13,0.028074634,3.92E+12,2.47,-4.63E+12,1.42E+14,9.27E+13,46,1.69E+14,8.11
2010,VCB,Ngân hàng TMCP Ngoại thương Việt Nam,HoSE,6,0,5,9.67E+12,0,0,0,90,3.07E+14,2.07E+13,0.030041308,4.21E+12,2.83,-5.69E+12,1.77E+14,1.11E+14,47,2.05E+14,9
2011,VCB,Ngân hàng TMCP Ngoại thương Việt Nam,HoSE,6,0,4,1.19E+13,0,0,0,75,3.67E+14,2.86E+13,0.038065051,4.20E+12,2.03,-5.33E+12,2.09E+14,1.09E+14,48,2.27E+14,11.14
2012,VCB,Ngân hàng TMCP Ngoại thương Việt Nam,HoSE,8,1,5,1.30E+13,5,0,0,74,4.14E+14,4.15E+13,0.028931225,4.40E+12,2.4,-5.28E+12,2.41E+14,1.51E+14,49,2.85E+14,14.63
2013,VCB,Ngân hàng TMCP Ngoại thương Việt Nam,HoSE,9,1,6,1.35E+13,4,1,1,79,4.69E+14,4.24E+13,0.025164121,4.36E+12,2.73,-6.45E+12,2.74E+14,1.56E+14,50,3.32E+14,13.13
2014,VCB,Ngân hàng TMCP Ngoại thương Việt Nam,HoSE,7,1,4,2.69E+13,5,1,1,89,5.77E+14,4.33E+13,0.023378668,4.57E+12,2.31,-7.08E+12,3.23E+14,1.62E+14,51,4.22E+14,11.61
2015,VCB,Ngân hàng TMCP Ngoại thương Việt Nam,HoSE,7,1,4,2.72E+13,5,1,1,71,6.74E+14,4.52E+13,0.025814061,5.31E+12,1.79,-8.61E+12,3.87E+14,1.65E+14,52,5.01E+14,11.04
2016,VCB,Ngân hàng TMCP Ngoại thương Việt Nam,HoSE,7,1,4,2.59E+13,6,1,1,88,7.88E+14,4.81E+13,0.026296457,6.83E+12,1.46,-8.12E+12,4.61E+14,1.77E+14,53,5.90E+14,11.13
2017,VCB,Ngân hàng TMCP Ngoại thương Việt Nam,HoSE,9,1,6,3.52E+13,7,1,1,89,1.04E+15,5.26E+13,0.024899271,9.09E+12,1.11,-8.11E+12,5.43E+14,2.97E+14,54,7.09E+14,11.63
2018,VCB,Ngân hàng TMCP Ngoại thương Việt Nam,HoSE,8,1,6,3.05E+13,8,1,1,90,1.07E+15,6.22E+13,0.027802034,1.46E+13,0.97,-1.03E+13,6.32E+14,2.36E+14,55,8.02E+14,12.14
2007,VIB,Ngân hàng TMCP Quốc tế Việt Nam,UPCoM,5,0,5,1.75E+12,0,0,0,31,3.93E+13,2.18E+12,0.028130692,3.09E+11,1.21,-1.32E+11,1.67E+13,2.03E+13,11,1.77E+13,10.04
2008,VIB,Ngân hàng TMCP Quốc tế Việt Nam,UPCoM,5,0,5,1.46E+12,0,0,0,,3.47E+13,2.29E+12,0.023126473,1.69E+11,1.84,-1.87E+11,1.98E+13,1.35E+13,12,2.39E+13,N/a
2009,VIB,Ngân hàng TMCP Quốc tế Việt Nam,UPCoM,5,0,4,2.10E+12,0,0,0,,5.66E+13,2.95E+12,0.025859291,4.63E+11,1.27,-2.50E+11,2.74E+13,2.55E+13,13,3.24E+13,8.67
2010,VIB,Ngân hàng TMCP Quốc tế Việt Nam,UPCoM,9,0,7,6.57E+12,0,0,0,90,9.38E+13,6.59E+12,0.029546658,7.91E+11,1.59,-4.73E+11,4.17E+13,4.50E+13,14,4.50E+13,10.11
2011,VIB,Ngân hàng TMCP Quốc tế Việt Nam,UPCoM,9,0,8,3.48E+12,0,0,0,89,9.69E+13,8.16E+12,0.041325224,6.39E+11,<3,-6.88E+11,4.35E+13,4.86E+13,15,4.41E+13,14.48
2012,VIB,Ngân hàng TMCP Quốc tế Việt Nam,UPCoM,8,0,8,8.00E+12,0,0,0,85,6.50E+13,8.37E+12,0.039718274,5.23E+11,2.62,-5.74E+11,3.39E+13,2.22E+13,16,3.91E+13,19.43
2013,VIB,Ngân hàng TMCP Quốc tế Việt Nam,UPCoM,8,0,6,1.10E+13,2,0,0,85,7.69E+13,7.98E+12,0.031496798,50248000000,2.82,-9.25E+11,3.52E+13,2.88E+13,17,4.32E+13,18
2014,VIB,Ngân hàng TMCP Quốc tế Việt Nam,UPCoM,8,0,6,5.34E+12,4,0,0,61,8.07E+13,8.50E+12,0.032474466,5.23E+11,2.51,-8.89E+11,3.82E+13,3.03E+13,18,4.91E+13,17.7
2015,VIB,Ngân hàng TMCP Quốc tế Việt Nam,UPCoM,8,0,6,1.73E+12,5,0,0,85,8.43E+13,8.61E+12,0.029691404,5.21E+11,2.07,-7.52E+11,4.78E+13,3.09E+13,19,5.33E+13,18.04
2016,VIB,Ngân hàng TMCP Quốc tế Việt Nam,UPCoM,8,0,7,1.59E+12,6,0,0,83,1.05E+14,8.74E+12,0.028314471,5.62E+11,2.58,-1.02E+12,6.02E+13,3.94E+13,20,5.93E+13,13.25
2017,VIB,Ngân hàng TMCP Quốc tế Việt Nam,UPCoM,8,0,7,2.97E+12,7,0,0,58,1.23E+14,8.79E+12,0.030978804,1.12E+12,2.5,-9.45E+11,7.99E+13,3.79E+13,21,6.84E+13,13.07
2018,VIB,Ngân hàng TMCP Quốc tế Việt Nam,UPCoM,8,1,7,3.42E+12,8,1,1,57,1.39E+14,1.07E+13,0.037708347,2.19E+12,2.24,-8.78E+11,9.61E+13,3.89E+13,22,8.49E+13,10
2007,VietABank,Ngân hàng TMCP Việt Á,OTC,,,,1.29E+12,,0,0,,9.47E+12,1.33E+12,0.030505924,1.47E+11,-,-21051000000,5.76E+12,2.43E+12,4,4.58E+12,-
2008,VietABank,Ngân hàng TMCP Việt Á,OTC,,,,1.76E+12,,0,0,71,1.03E+13,1.44E+12,0.023799674,72182207710,1.8,-59291000000,6.63E+12,1.94E+12,5,7.45E+12,-
2009,VietABank,Ngân hàng TMCP Việt Á,OTC,,,,2.77E+12,,0,0,,1.58E+13,1.71E+12,0.03244599,2.10E+11,1.31,-1.22E+11,1.20E+13,9.85E+11,6,1.08E+13,-
2010,VietABank,Ngân hàng TMCP Việt Á,OTC,,,,4.85E+12,,0,0,52,2.41E+13,3.40E+12,0.032958076,2.66E+11,2.52,-1.99E+11,1.33E+13,3.80E+12,7,9.39E+12,N/a
2011,VietABank,Ngân hàng TMCP Việt Á,OTC,,,,5.56E+12,,0,0,263,2.25E+13,3.58E+12,0.027430342,2.48E+11,2.56,-1.90E+11,1.16E+13,3.39E+12,8,7.25E+12,N/a
2012,VietABank,Ngân hàng TMCP Việt Á,OTC,5,1,4,6.81E+12,0,0,0,101,2.46E+13,3.53E+12,0.018238419,1.64E+11,4.65,-1.97E+11,1.29E+13,4.25E+12,9,1.50E+13,N/a
2013,VietABank,Ngân hàng TMCP Việt Á,OTC,,,,4.79E+12,,0,0,,2.70E+13,3.59E+12,0.023320787,60115269944,2.88,-1.93E+11,1.44E+13,7.33E+12,10,1.88E+13,15.2
2014,VietABank,Ngân hàng TMCP Việt Á,OTC,,,,5.42E+12,,0,0,113,3.56E+13,3.64E+12,0.015218148,47497043326,2.33,-1.89E+11,1.58E+13,1.29E+13,11,1.98E+13,15.28
2015,VietABank,Ngân hàng TMCP Việt Á,OTC,5,0,4,5.17E+12,0,0,0,116,4.19E+13,3.92E+12,0.032969223,81966642679,2.26,-2.28E+11,2.03E+13,1.36E+13,12,2.44E+13,19.07
2016,VietABank,Ngân hàng TMCP Việt Á,OTC,5,0,5,6.37E+12,0,0,0,110,6.15E+13,4.02E+12,0.018157454,99430023841,2.14,-4.10E+11,3.04E+13,2.29E+13,13,3.22E+13,-
2017,VietABank,Ngân hàng TMCP Việt Á,OTC,5,0,5,4.55E+12,0,0,0,108,6.44E+13,4.12E+12,0.019901258,98801772152,2.68,-3.28E+11,3.42E+13,2.16E+13,14,3.44E+13,10.24
2018,VietABank,Ngân hàng TMCP Việt Á,OTC,6,0,4,4.92E+12,0,0,0,106,7.13E+13,4.23E+12,0.017583316,1.18E+11,1.37,-3.94E+11,3.79E+13,2.42E+13,15,4.14E+13,10.09
2007,VietCapitalBank,Ngân hàng TMCP Bản Việt,OTC,,,,1.88E+11,,0,0,58,2.04E+12,7.55E+11,0.043130695,64378338226,-,-2093757497,1.05E+12,8.89E+11,15,4.17E+11,77.9
2008,VietCapitalBank,Ngân hàng TMCP Bản Việt,OTC,,,,6.48E+11,,0,0,59,3.35E+12,1.05E+12,0.043943555,4941477641,1.24,-3307448414,1.30E+12,1.50E+12,16,6.20E+11,55.5
2009,VietCapitalBank,Ngân hàng TMCP Bản Việt,OTC,,,,5.67E+11,,0,0,25,3.33E+12,1.11E+12,0.048213802,54626759702,3.42,-17877460570,2.31E+12,5.02E+11,17,1.16E+12,45.11
2010,VietCapitalBank,Ngân hàng TMCP Bản Việt,OTC,8,2,7,3.80E+11,0,0,0,42,8.23E+12,2.08E+12,0.036010433,56538427918,4.07,-36641403937,3.66E+12,2.93E+12,18,3.18E+12,54.92
2011,VietCapitalBank,Ngân hàng TMCP Bản Việt,OTC,8,3,6,1.91E+12,0,0,0,67,1.70E+13,3.30E+12,0.03686517,2.70E+11,2.7,-46920043353,4.38E+12,4.99E+12,19,5.23E+12,34.4
2012,VietCapitalBank,Ngân hàng TMCP Bản Việt,OTC,5,2,4,2.01E+12,0,0,0,66,2.07E+13,3.27E+12,0.027840481,2.04E+11,1.9,-73291603347,7.78E+12,4.88E+12,20,1.03E+13,27.48
2013,VietCapitalBank,Ngân hàng TMCP Bản Việt,OTC,6,2,5,2.40E+12,0,0,0,87,2.31E+13,3.22E+12,0.024201281,1.03E+11,4.1,-1.24E+11,1.00E+13,8.05E+12,21,1.20E+13,20.1
2014,VietCapitalBank,Ngân hàng TMCP Bản Việt,OTC,6,2,5,2.66E+12,3,0,0,75,2.58E+13,3.31E+12,0.023968727,1.62E+11,2.2,-1.40E+11,1.30E+13,6.94E+12,22,1.47E+13,13.2
2015,VietCapitalBank,Ngân hàng TMCP Bản Việt,OTC,5,3,3,1.50E+12,5,0,0,88,2.90E+13,3.31E+12,0.017286075,53211000000,1,-1.23E+11,1.59E+13,7.84E+12,23,1.86E+13,15.7
2016,VietCapitalBank,Ngân hàng TMCP Bản Việt,OTC,5,2,3,1.98E+12,3,0,0,115,3.24E+13,3.31E+12,0.018978303,2685000000,1.3,-1.82E+11,2.10E+13,6.26E+12,24,2.46E+13,13.18
2017,VietCapitalBank,Ngân hàng TMCP Bản Việt,OTC,5,2,4,2.71E+12,2,0,0,113,3.99E+13,3.34E+12,0.019789843,33532000000,1.8,-2.47E+11,2.50E+13,1.04E+13,25,2.70E+13,11.06
2018,VietCapitalBank,Ngân hàng TMCP Bản Việt,OTC,5,2,4,3.58E+12,3,0,0,113,4.66E+13,3.44E+12,0.019957127,94332000000,2,-3.41E+11,2.97E+13,1.15E+13,26,3.35E+13,10.76
2007,VPB,Ngân hàng TMCP Việt Nam Thịnh Vượng,HoSE,,,,1.27E+12,,0,0,72,1.81E+13,2.18E+12,0.03530202,2.27E+11,0.49,0,1.33E+13,3.72E+12,14,1.28E+13,21
2008,VPB,Ngân hàng TMCP Việt Nam Thịnh Vượng,HoSE,5,0,5,1.63E+12,0,0,0,,1.86E+13,2.39E+12,0.038523807,1.43E+11,3.41,0,1.29E+13,4.13E+12,15,1.42E+13,19
2009,VPB,Ngân hàng TMCP Việt Nam Thịnh Vượng,HoSE,6,0,6,1.28E+12,0,0,0,43,2.75E+13,2.55E+12,0.035783568,2.94E+11,1.63,-1.30E+11,1.58E+13,1.05E+13,16,1.65E+13,15
2010,VPB,Ngân hàng TMCP Việt Nam Thịnh Vượng,HoSE,5,1,5,1.09E+13,0,0,0,51,5.98E+13,5.20E+12,0.028643815,5.03E+11,1.2,-2.29E+11,2.53E+13,2.58E+13,17,2.40E+13,14.66
2011,VPB,Ngân hàng TMCP Việt Nam Thịnh Vượng,HoSE,5,1,5,1.11E+13,0,0,0,90,8.28E+13,6.00E+12,0.033908875,8.00E+11,1.82,-3.14E+11,2.92E+13,4.40E+13,18,2.94E+13,11.94
2012,VPB,Ngân hàng TMCP Việt Nam Thịnh Vượng,HoSE,5,1,5,1.52E+13,3,0,0,87,1.03E+14,6.64E+12,0.037313386,6.43E+11,2.72,-3.80E+11,3.69E+13,4.23E+13,19,5.95E+13,12.5
2013,VPB,Ngân hàng TMCP Việt Nam Thịnh Vượng,HoSE,6,1,5,2.60E+13,2,1,1,64,1.21E+14,7.73E+12,0.04470739,1.02E+12,2.81,-6.05E+11,5.25E+13,4.19E+13,20,8.38E+13,12.5
2014,VPB,Ngân hàng TMCP Việt Nam Thịnh Vượng,HoSE,6,1,5,1.90E+13,3,1,1,65,1.63E+14,8.98E+12,0.044183556,1.25E+12,2.54,-1.12E+12,7.84E+13,5.45E+13,21,1.08E+14,11.4
2015,VPB,Ngân hàng TMCP Việt Nam Thịnh Vượng,HoSE,6,1,5,1.17E+13,5,1,1,34,1.94E+14,1.34E+13,0.063447778,2.40E+12,2.7,-1.74E+12,1.17E+14,5.70E+13,22,1.30E+14,12.2
2016,VPB,Ngân hàng TMCP Việt Nam Thịnh Vượng,HoSE,6,1,5,1.56E+13,6,1,1,51,2.29E+14,1.72E+13,0.076747271,3.94E+12,2.91,-2.09E+12,1.45E+14,6.20E+13,23,1.24E+14,13.2
2017,VPB,Ngân hàng TMCP Việt Nam Thịnh Vượng,HoSE,5,1,4,1.66E+13,6,1,1,36,2.78E+14,2.97E+13,0.086923123,6.44E+12,2.9,-3.15E+12,1.83E+14,7.35E+13,24,1.34E+14,14.6
2018,VPB,Ngân hàng TMCP Việt Nam Thịnh Vượng,HoSE,5,1,4,2.09E+13,6,1,1,43,3.23E+14,3.48E+13,0.087667632,7.36E+12,3.2,-3.57E+12,2.22E+14,7.98E+13,25,1.71E+14,12.3
